Date,Symbol,SignalType,EnterCause,EntryTime,ExitTime,LeaveCause,PnL,Return%,HoldingDuration,GroupName,GroupRank,MemberRank,RawMemberRank,0050_PrevClose,0050_Open,0050_At915,0050_OpenChg%,0050_At915Chg%
20260102,4989,SignalA,StrongGroup,09:21:19,09:29:56,stopLoss,-142349,-1.42%,0h08m37s,PCB上游,4,2,2,656000,660000,659500,0.61,0.534
20260102,6531,SignalA,StrongGroup,09:23:10,09:31:13,stopLoss,-141304,-1.41%,0h08m03s,設計IP,3,2,3,656000,660000,659500,0.61,0.534
20260102,3551,SignalA,StrongGroup,09:36:23,09:46:32,stopLoss,-143541,-1.44%,0h10m09s,電子化工材料,1,2,3,656000,660000,659500,0.61,0.534
20260102,1727,SignalA,StrongGroup,10:42:12,11:07:49,stopLoss,-140693,-1.41%,0h25m37s,電子化工材料,1,2,3,656000,660000,659500,0.61,0.534
20260102,3551,SignalA,StrongGroup,10:17:05,12:36:49,stopLoss,-143541,-1.44%,2h19m44s,電子化工材料,1,2,3,656000,660000,659500,0.61,0.534
20260102,2449,SignalA,StrongGroup,11:08:19,13:20:00,timeExit,0,0.00%,2h11m41s,IC封測,3,1,3,656000,660000,659500,0.61,0.534
20260105,8028,SignalA,StrongGroup,09:38:22,09:46:23,takeProfit,103093,1.03%,0h08m01s,再生晶圓,1,2,2,669500,681000,688000,1.718,2.763
20260105,2345,SignalA,StrongGroup,09:51:06,10:04:54,stopLoss,-133891,-1.34%,0h13m48s,網路通訊,9,1,2,669500,681000,688000,1.718,2.763
20260105,3236,SignalA,StrongGroup,10:20:11,10:37:00,stopLoss,-154799,-1.55%,0h16m49s,被動元件,3,1,5,669500,681000,688000,1.718,2.763
20260105,8028,SignalA,StrongGroup,10:46:36,10:53:36,takeProfit,304569,3.05%,0h07m00s,再生晶圓,1,2,2,669500,681000,688000,1.718,2.763
20260105,6139,SignalA,StrongGroup,10:14:12,13:20:01,timeExit,-66667,-0.67%,3h05m49s,廠務,5,1,1,669500,681000,688000,1.718,2.763
20260106,3376,SignalA,StrongGroup,09:51:40,10:05:19,stopLoss,-139211,-1.39%,0h13m39s,軸承,2,1,1,695000,694500,693000,-0.072,-0.288
20260106,8103,SignalA,StrongGroup,10:15:12,10:31:36,takeProfit,129450,1.29%,0h16m24s,連接線材,3,1,2,695000,694500,693000,-0.072,-0.288
20260106,8103,SignalA,StrongGroup,11:59:47,12:42:26,stopLoss,-139335,-1.39%,0h42m39s,連接線材,2,1,1,695000,694500,693000,-0.072,-0.288
20260106,1303,SignalA,StrongGroup,11:44:00,13:20:00,timeExit,68493,0.68%,1h36m00s,塑膠,2,1,1,695000,694500,693000,-0.072,-0.288
20260106,2360,SignalA,StrongGroup,09:22:06,13:20:07,timeExit,-11655,-0.12%,3h58m01s,設備儀器商,3,1,1,695000,694500,693000,-0.072,-0.288
20260106,3529,SignalA,StrongGroup,11:39:06,13:20:08,timeExit,-115607,-1.16%,1h41m02s,設計IP,2,2,2,695000,694500,693000,-0.072,-0.288
20260107,2495,SignalA,StrongGroup,09:22:40,09:27:05,takeProfit,92593,0.93%,0h04m25s,記憶體,7,1,3,704000,704000,702000,0.0,-0.284
20260107,2455,SignalA,StrongGroup,09:23:48,09:35:12,takeProfit,97403,0.97%,0h11m24s,砷化鎵,8,1,1,704000,704000,702000,0.0,-0.284
20260107,2406,SignalA,StrongGroup,09:34:00,09:39:16,takeProfit,159046,1.59%,0h05m16s,太陽能,2,1,3,704000,704000,702000,0.0,-0.284
20260107,2303,SignalA,StrongGroup,09:32:50,10:01:44,takeProfit,170455,1.70%,0h28m54s,專業IC代工,1,1,1,704000,704000,702000,0.0,-0.284
20260107,2485,SignalA,StrongGroup,09:42:09,10:05:52,stopLoss,-135135,-1.35%,0h23m43s,低軌衛星,14,1,2,704000,704000,702000,0.0,-0.284
20260107,6104,SignalA,StrongGroup,09:47:29,10:14:48,takeProfit,73762,0.74%,0h27m19s,IC設計,16,1,1,704000,704000,702000,0.0,-0.284
20260107,1605,SignalA,StrongGroup,09:25:18,10:33:57,takeProfit,104439,1.04%,1h08m39s,電線電纜,2,1,1,704000,704000,702000,0.0,-0.284
20260107,1608,SignalA,StrongGroup,09:52:35,11:22:16,takeProfit,25381,0.25%,1h29m41s,電線電纜,2,2,2,704000,704000,702000,0.0,-0.284
20260107,2495,SignalA,StrongGroup,10:32:43,12:04:07,takeProfit,91603,0.92%,1h31m24s,記憶體,5,1,1,704000,704000,702000,0.0,-0.284
20260107,2455,SignalA,StrongGroup,10:32:34,12:27:58,stopLoss,-158730,-1.59%,1h55m24s,砷化鎵,2,1,1,704000,704000,702000,0.0,-0.284
20260107,5483,SignalA,StrongGroup,11:12:18,13:20:10,timeExit,-24291,-0.24%,2h07m52s,太陽能,1,2,3,704000,704000,702000,0.0,-0.284
20260108,3491,SignalA,StrongGroup,09:25:41,09:31:08,stopLoss,-140485,-1.40%,0h05m27s,低軌衛星,7,1,2,698500,696500,695000,-0.286,-0.501
20260108,6223,SignalA,StrongGroup,09:31:08,09:34:58,stopLoss,-103139,-1.03%,0h03m50s,探針卡,8,1,1,698500,696500,695000,-0.286,-0.501
20260108,1326,SignalA,StrongGroup,09:20:20,09:37:34,stopLoss,-147059,-1.47%,0h17m14s,塑膠,1,1,2,698500,696500,695000,-0.286,-0.501
20260108,1802,SignalA,StrongGroup,09:47:52,09:52:34,stopLoss,-147849,-1.48%,0h04m42s,玻纖布,3,2,3,698500,696500,695000,-0.286,-0.501
20260108,5274,SignalA,StrongGroup,09:51:27,10:47:49,stopLoss,-206186,-2.06%,0h56m22s,IC設計,4,2,5,698500,696500,695000,-0.286,-0.501
20260108,2404,SignalA,StrongGroup,11:04:30,11:49:23,stopLoss,-144928,-1.45%,0h44m53s,廠務,3,2,2,698500,696500,695000,-0.286,-0.501
20260112,3037,SignalA,StrongGroup,09:21:32,09:35:16,stopLoss,-112266,-1.12%,0h13m44s,ABF,1,1,1,698500,705000,703000,0.931,0.644
20260112,2495,SignalA,StrongGroup,09:31:08,09:35:30,takeProfit,90498,0.90%,0h04m22s,網路通訊,9,1,2,698500,705000,703000,0.931,0.644
20260112,3693,SignalA,StrongGroup,09:33:18,09:35:40,stopLoss,-134048,-1.34%,0h02m22s,機殼,16,1,1,698500,705000,703000,0.931,0.644
20260112,3037,SignalA,StrongGroup,09:37:27,09:41:27,takeProfit,62370,0.62%,0h04m00s,ABF,1,1,1,698500,705000,703000,0.931,0.644
20260112,3167,SignalA,StrongGroup,09:39:12,10:05:33,takeProfit,152838,1.53%,0h26m21s,鑽孔,7,1,2,698500,705000,703000,0.931,0.644
20260112,5483,SignalA,StrongGroup,09:35:57,10:24:45,stopLoss,-41841,-0.42%,0h48m48s,太陽能,1,2,2,698500,705000,703000,0.931,0.644
20260112,3491,SignalA,StrongGroup,09:49:56,10:25:09,stopLoss,-146520,-1.47%,0h35m13s,低軌衛星,1,2,3,698500,705000,703000,0.931,0.644
20260112,6285,SignalA,StrongGroup,10:02:47,11:08:18,takeProfit,138889,1.39%,1h05m31s,低軌衛星,1,2,4,698500,705000,703000,0.931,0.644
20260112,3491,SignalA,StrongGroup,10:42:34,11:36:46,stopLoss,-134474,-1.34%,0h54m12s,低軌衛星,1,2,3,698500,705000,703000,0.931,0.644
20260112,5347,SignalA,StrongGroup,09:27:45,13:20:02,timeExit,206897,2.07%,3h52m17s,專業IC代工,1,1,1,698500,705000,703000,0.931,0.644
20260113,3167,SignalA,StrongGroup,09:29:16,09:30:08,takeProfit,62241,0.62%,0h00m52s,鑽孔,5,1,1,703500,711000,711000,1.066,1.066
20260113,8150,SignalA,StrongGroup,09:29:46,09:35:38,stopLoss,-145161,-1.45%,0h05m52s,記憶體,4,2,5,703500,711000,711000,1.066,1.066
20260113,6739,SignalA,StrongGroup,09:30:02,09:36:49,takeProfit,80107,0.80%,0h06m47s,設備儀器商,5,2,3,703500,711000,711000,1.066,1.066
20260113,6282,SignalA,StrongGroup,09:30:56,09:39:18,stopLoss,-157171,-1.57%,0h08m22s,電供,11,1,1,703500,711000,711000,1.066,1.066
20260113,6196,SignalA,StrongGroup,09:36:27,09:42:33,stopLoss,-154374,-1.54%,0h06m06s,半導體設備,5,1,2,703500,711000,711000,1.066,1.066
20260113,4973,SignalA,StrongGroup,09:41:51,09:42:35,stopLoss,-153551,-1.54%,0h00m44s,記憶體,4,1,5,703500,711000,711000,1.066,1.066
20260113,3037,SignalA,StrongGroup,09:34:57,10:07:39,stopLoss,-3937,-0.04%,0h32m42s,ABF,4,1,1,703500,711000,711000,1.066,1.066
20260113,8210,SignalA,StrongGroup,09:43:58,10:07:57,stopLoss,-156576,-1.57%,0h23m59s,機殼,9,1,1,703500,711000,711000,1.066,1.066
20260113,3167,SignalA,StrongGroup,09:46:35,10:37:01,takeProfit,103520,1.04%,0h50m26s,鑽孔,5,1,1,703500,711000,711000,1.066,1.066
20260113,6683,SignalA,StrongGroup,10:19:06,11:58:00,stopLoss,-134639,-1.35%,1h38m54s,探針卡,9,1,1,703500,711000,711000,1.066,1.066
20260113,3167,SignalA,StrongGroup,11:07:18,13:20:00,timeExit,-8230,-0.08%,2h12m42s,鑽孔,5,1,1,703500,711000,711000,1.066,1.066
20260113,8046,SignalA,StrongGroup,10:25:13,13:20:00,timeExit,18657,0.19%,2h54m47s,ABF,2,1,1,703500,711000,711000,1.066,1.066
20260114,1519,SignalA,StrongGroup,09:29:06,09:33:06,takeProfit,70175,0.70%,0h04m00s,重電,1,1,1,707000,709500,708500,0.354,0.212
20260114,3402,SignalA,StrongGroup,10:13:37,10:25:36,takeProfit,102389,1.02%,0h11m59s,廠務,9,1,3,707000,709500,708500,0.354,0.212
20260114,6127,SignalA,StrongGroup,10:04:51,10:34:25,stopLoss,-132053,-1.32%,0h29m34s,被動元件,1,2,5,707000,709500,708500,0.354,0.212
20260114,3624,SignalA,StrongGroup,09:41:55,10:37:00,stopLoss,-145138,-1.45%,0h55m05s,被動元件,1,2,2,707000,709500,708500,0.354,0.212
20260114,2345,SignalA,StrongGroup,09:32:30,10:40:12,stopLoss,-131148,-1.31%,1h07m42s,網路通訊,2,2,2,707000,709500,708500,0.354,0.212
20260114,1504,SignalA,StrongGroup,10:03:25,11:46:12,takeProfit,262857,2.63%,1h42m47s,重電,1,1,2,707000,709500,708500,0.354,0.212
20260114,2308,SignalA,StrongGroup,09:44:27,13:20:00,timeExit,-37559,-0.38%,3h35m33s,電供,8,1,2,707000,709500,708500,0.354,0.212
20260114,3707,SignalA,StrongGroup,11:12:53,13:20:02,timeExit,-120275,-1.20%,2h07m09s,矽晶圓指標,2,2,4,707000,709500,708500,0.354,0.212
20260115,3443,SignalA,StrongGroup,09:20:35,09:22:02,takeProfit,39920,0.40%,0h01m27s,設計IP,6,1,1,707500,707000,704500,-0.071,-0.424
20260115,3189,SignalA,StrongGroup,09:21:44,09:27:19,takeProfit,113960,1.14%,0h05m35s,ABF,9,1,1,707500,707000,704500,-0.071,-0.424
20260115,2455,SignalA,StrongGroup,09:25:49,09:31:07,stopLoss,-42169,-0.42%,0h05m18s,砷化鎵,7,1,1,707500,707000,704500,-0.071,-0.424
20260115,1605,SignalA,StrongGroup,09:37:17,09:45:32,takeProfit,107399,1.07%,0h08m15s,不鏽鋼,4,2,2,707500,707000,704500,-0.071,-0.424
20260115,8021,SignalA,StrongGroup,09:39:26,10:05:52,stopLoss,13605,0.14%,0h26m26s,PCB上游,2,2,4,707500,707000,704500,-0.071,-0.424
20260115,1802,SignalA,StrongGroup,10:16:52,10:46:47,stopLoss,-111717,-1.12%,0h29m55s,玻纖布,1,1,2,707500,707000,704500,-0.071,-0.424
20260115,2313,SignalA,StrongGroup,09:31:32,10:53:25,stopLoss,-177305,-1.77%,1h21m53s,低軌衛星,1,1,2,707500,707000,704500,-0.071,-0.424
20260115,1605,SignalA,StrongGroup,10:56:38,11:14:02,takeProfit,236128,2.36%,0h17m24s,不鏽鋼,3,1,1,707500,707000,704500,-0.071,-0.424
20260115,1802,SignalA,StrongGroup,11:07:00,11:17:34,takeProfit,68120,0.68%,0h10m34s,玻纖布,1,1,2,707500,707000,704500,-0.071,-0.424
20260116,3701,SignalA,StrongGroup,09:24:18,09:29:26,stopLoss,-162602,-1.63%,0h05m08s,CPO,3,1,1,706500,717500,714000,1.557,1.062
20260116,6706,SignalA,StrongGroup,09:29:00,09:33:38,stopLoss,-132231,-1.32%,0h04m38s,CPO,3,2,2,706500,717500,714000,1.557,1.062
20260116,2374,SignalA,StrongGroup,09:27:28,09:43:34,takeProfit,84643,0.85%,0h16m06s,光學鏡頭指標,3,1,1,706500,717500,714000,1.557,1.062
20260116,8271,SignalA,StrongGroup,09:40:07,09:45:13,takeProfit,118577,1.19%,0h05m06s,記憶體,5,2,5,706500,717500,714000,1.557,1.062
20260116,5347,SignalA,StrongGroup,09:26:37,10:07:12,takeProfit,228137,2.28%,0h40m35s,專業IC代工,4,1,1,706500,717500,714000,1.557,1.062
20260116,3376,SignalA,StrongGroup,09:37:49,10:19:46,stopLoss,-13333,-0.13%,0h41m57s,軸承,5,1,1,706500,717500,714000,1.557,1.062
20260116,2374,SignalA,StrongGroup,10:13:44,13:20:00,timeExit,-28846,-0.29%,3h06m16s,光學鏡頭指標,3,1,1,706500,717500,714000,1.557,1.062
20260116,2451,SignalA,StrongGroup,10:03:22,13:20:05,timeExit,78895,0.79%,3h16m43s,記憶體,3,1,3,706500,717500,714000,1.557,1.062
20260119,6488,SignalA,StrongGroup,09:20:04,09:31:40,stopLoss,-140704,-1.41%,0h11m36s,矽晶圓指標,6,1,1,720000,717000,715500,-0.417,-0.625
20260119,1303,SignalA,StrongGroup,09:20:51,09:43:21,stopLoss,101828,1.02%,0h22m30s,玻纖布,1,1,4,720000,717000,715500,-0.417,-0.625
20260119,1815,SignalA,StrongGroup,09:36:12,09:45:38,stopLoss,-192308,-1.92%,0h09m26s,玻纖布,1,1,3,720000,717000,715500,-0.417,-0.625
20260119,3149,SignalA,StrongGroup,09:27:23,10:04:10,takeProfit,150215,1.50%,0h36m47s,TFT 面板,3,1,1,720000,717000,715500,-0.417,-0.625
20260119,8271,SignalA,StrongGroup,09:52:29,10:08:14,stopLoss,-179856,-1.80%,0h15m45s,記憶體,1,2,10,720000,717000,715500,-0.417,-0.625
20260119,2312,SignalA,StrongGroup,10:14:16,11:00:56,stopLoss,-152355,-1.52%,0h46m40s,車用電子,5,1,1,720000,717000,715500,-0.417,-0.625
20260119,8074,SignalA,StrongGroup,10:56:48,12:24:28,stopLoss,-150000,-1.50%,1h27m40s,鑽孔,9,1,1,720000,717000,715500,-0.417,-0.625
20260120,4989,SignalA,StrongGroup,09:22:00,09:28:39,stopLoss,-149254,-1.49%,0h06m39s,PCB上游,2,1,3,726000,719000,721000,-0.964,-0.689
20260120,8086,SignalA,StrongGroup,09:41:26,09:56:28,takeProfit,85837,0.86%,0h15m02s,砷化鎵,1,2,2,726000,719000,721000,-0.964,-0.689
20260120,3016,SignalA,StrongGroup,10:32:54,10:38:04,takeProfit,238854,2.39%,0h05m10s,矽晶圓指標,9,1,1,726000,719000,721000,-0.964,-0.689
20260120,6182,SignalA,StrongGroup,09:41:43,11:04:30,stopLoss,-137157,-1.37%,1h22m47s,矽晶圓指標,9,1,1,726000,719000,721000,-0.964,-0.689
20260120,3016,SignalA,StrongGroup,11:25:38,12:22:44,takeProfit,284360,2.84%,0h57m06s,矽晶圓指標,8,1,1,726000,719000,721000,-0.964,-0.689
20260120,6223,SignalA,StrongGroup,09:58:08,13:20:00,timeExit,115226,1.15%,3h21m52s,探針卡,1,2,4,726000,719000,721000,-0.964,-0.689
20260120,2303,SignalA,StrongGroup,11:21:08,13:20:00,timeExit,179372,1.79%,1h58m52s,專業IC代工,4,1,1,726000,719000,721000,-0.964,-0.689
20260121,5347,SignalA,StrongGroup,09:22:22,09:41:05,takeProfit,236486,2.36%,0h18m43s,專業IC代工,1,2,2,726000,718000,720000,-1.102,-0.826
20260121,8422,SignalA,StrongGroup,09:28:33,09:42:47,stopLoss,-148402,-1.48%,0h14m14s,回收焚化相關指標,4,1,2,726000,718000,720000,-1.102,-0.826
20260121,5483,SignalA,StrongGroup,09:35:10,10:13:22,stopLoss,48780,0.49%,0h38m12s,矽晶圓指標,1,2,4,726000,718000,720000,-1.102,-0.826
20260121,2467,SignalA,StrongGroup,09:28:56,10:16:59,stopLoss,-134875,-1.35%,0h48m03s,FOPLP,3,2,2,726000,718000,720000,-1.102,-0.826
20260121,5347,SignalA,StrongGroup,10:28:49,11:12:57,stopLoss,-165563,-1.66%,0h44m08s,專業IC代工,1,2,2,726000,718000,720000,-1.102,-0.826
20260121,5371,SignalA,StrongGroup,12:10:55,13:20:00,timeExit,-82051,-0.82%,1h09m05s,軍工,2,2,4,726000,718000,720000,-1.102,-0.826
20260122,1504,SignalA,StrongGroup,09:30:51,09:30:53,takeProfit,11287,0.11%,0h00m02s,家電,2,1,2,708500,719000,719000,1.482,1.482
20260122,6173,SignalA,StrongGroup,09:21:21,09:41:43,stopLoss,-140127,-1.40%,0h20m22s,被動元件,2,2,3,708500,719000,719000,1.482,1.482
20260122,6488,SignalA,StrongGroup,10:08:13,10:33:49,stopLoss,-151515,-1.52%,0h25m36s,矽晶圓指標,1,2,4,708500,719000,719000,1.482,1.482
20260122,1504,SignalA,StrongGroup,10:10:18,10:47:31,stopLoss,-132743,-1.33%,0h37m13s,家電,1,1,1,708500,719000,719000,1.482,1.482
20260122,2327,SignalA,StrongGroup,09:34:06,13:20:00,timeExit,-13400,-0.13%,3h45m54s,被動元件,1,2,5,708500,719000,719000,1.482,1.482
20260122,2301,SignalA,StrongGroup,09:25:44,13:20:01,timeExit,126074,1.26%,3h54m17s,電供,2,2,3,708500,719000,719000,1.482,1.482
20260123,6215,SignalA,StrongGroup,09:29:15,09:32:40,stopLoss,-155642,-1.56%,0h03m25s,機器人,2,2,2,718000,721000,722500,0.418,0.627
20260123,8039,SignalA,StrongGroup,09:32:03,09:43:58,takeProfit,128342,1.28%,0h11m55s,CCL,7,1,1,718000,721000,722500,0.418,0.627
20260123,8039,SignalA,StrongGroup,10:26:14,13:20:00,timeExit,50740,0.51%,2h53m46s,CCL,3,1,1,718000,721000,722500,0.418,0.627
20260126,6125,SignalA,StrongGroup,09:27:02,09:40:35,takeProfit,122117,1.22%,0h13m33s,設備儀器商,9,1,1,722500,722500,726000,0.0,0.484
20260126,1301,SignalA,StrongGroup,09:33:22,09:48:09,takeProfit,192102,1.92%,0h14m47s,塑膠,1,2,2,722500,722500,726000,0.0,0.484
20260126,3533,SignalA,StrongGroup,09:54:51,10:15:24,stopLoss,-163934,-1.64%,0h20m33s,連接器,10,1,1,722500,722500,726000,0.0,0.484
20260126,2464,SignalA,StrongGroup,11:09:43,11:26:32,stopLoss,-150892,-1.51%,0h16m49s,設備儀器商,7,1,2,722500,722500,726000,0.0,0.484
20260127,3413,SignalA,StrongGroup,09:38:20,09:58:06,takeProfit,134907,1.35%,0h19m46s,半導體設備,9,1,2,722500,724000,724500,0.208,0.277
20260127,6643,SignalA,StrongGroup,09:33:58,10:03:37,stopLoss,-142276,-1.42%,0h29m39s,設計IP,2,1,1,722500,724000,724500,0.208,0.277
20260127,3037,SignalA,StrongGroup,11:53:19,13:20:00,timeExit,0,0.00%,1h26m41s,ABF,1,2,2,722500,724000,724500,0.208,0.277
20260127,6643,SignalA,StrongGroup,10:16:12,13:20:02,timeExit,71138,0.71%,3h03m50s,設計IP,2,1,1,722500,724000,724500,0.208,0.277
20260128,3081,SignalA,StrongGroup,09:21:27,09:22:04,takeProfit,46838,0.47%,0h00m37s,CPO,2,1,3,730500,735500,738000,0.684,1.027
20260128,3131,SignalA,StrongGroup,09:26:55,09:33:04,stopLoss,-128686,-1.29%,0h06m09s,半導體設備,8,1,1,730500,735500,738000,0.684,1.027
20260128,2481,SignalA,StrongGroup,09:26:22,09:33:35,stopLoss,-137421,-1.37%,0h07m13s,二極體,2,1,1,730500,735500,738000,0.684,1.027
20260128,6139,SignalA,StrongGroup,09:32:54,09:37:37,takeProfit,86806,0.87%,0h04m43s,廠務,10,1,1,730500,735500,738000,0.684,1.027
20260128,1605,SignalA,StrongGroup,09:49:56,10:02:15,takeProfit,142687,1.43%,0h12m19s,不鏽鋼,9,1,1,730500,735500,738000,0.684,1.027
20260128,4768,SignalA,StrongGroup,09:36:05,11:50:55,stopLoss,-108827,-1.09%,2h14m50s,特化,8,1,2,730500,735500,738000,0.684,1.027
20260129,6706,SignalA,StrongGroup,09:21:22,09:23:37,stopLoss,-202429,-2.02%,0h02m15s,CPO,1,2,6,742000,744000,743000,0.27,0.135
20260129,6139,SignalA,StrongGroup,09:21:01,09:24:16,stopLoss,-131796,-1.32%,0h03m15s,廠務,7,1,1,742000,744000,743000,0.27,0.135
20260129,2027,SignalA,StrongGroup,09:24:48,09:25:48,takeProfit,50063,0.50%,0h01m00s,不鏽鋼,3,1,1,742000,744000,743000,0.27,0.135
20260129,6753,SignalA,StrongGroup,09:31:45,09:32:43,takeProfit,33670,0.34%,0h00m58s,軍工,10,1,1,742000,744000,743000,0.27,0.135
20260129,1326,SignalA,StrongGroup,09:28:51,09:33:04,stopLoss,-152838,-1.53%,0h04m13s,塑膠,4,1,1,742000,744000,743000,0.27,0.135
20260129,2313,SignalA,StrongGroup,09:22:05,09:43:18,stopLoss,-160428,-1.60%,0h21m13s,低軌衛星,2,1,2,742000,744000,743000,0.27,0.135
20260129,2027,SignalA,StrongGroup,10:14:57,10:45:47,stopLoss,-147783,-1.48%,0h30m50s,不鏽鋼,2,1,1,742000,744000,743000,0.27,0.135
20260130,6510,SignalA,StrongGroup,09:26:34,09:30:00,takeProfit,121212,1.21%,0h03m26s,探針卡,1,1,2,737500,731500,727500,-0.814,-1.356
20260130,8096,SignalA,StrongGroup,09:23:48,09:39:38,stopLoss,-159574,-1.60%,0h15m50s,記憶體,1,2,3,737500,731500,727500,-0.814,-1.356
20260130,2408,SignalA,StrongGroup,09:24:55,09:40:27,stopLoss,-141956,-1.42%,0h15m32s,記憶體,1,1,2,737500,731500,727500,-0.814,-1.356
20260130,3037,SignalA,StrongGroup,09:44:39,10:11:07,takeProfit,127660,1.28%,0h26m28s,ABF,2,2,2,737500,731500,727500,-0.814,-1.356
20260130,3189,SignalA,StrongGroup,09:29:52,10:22:14,stopLoss,-145833,-1.46%,0h52m22s,ABF,3,1,1,737500,731500,727500,-0.814,-1.356
20260130,6510,SignalA,StrongGroup,09:59:00,11:20:37,stopLoss,-192878,-1.93%,1h21m37s,探針卡,1,1,2,737500,731500,727500,-0.814,-1.356
20260202,6443,SignalA,StrongGroup,09:48:40,10:10:10,stopLoss,-154946,-1.55%,0h21m30s,低軌衛星,1,1,1,726000,715500,712500,-1.446,-1.86
20260202,6510,SignalA,StrongGroup,10:32:00,10:33:24,takeProfit,59172,0.59%,0h01m24s,探針卡,1,1,2,726000,715500,712500,-1.446,-1.86
20260202,6409,SignalA,StrongGroup,09:21:56,10:36:56,takeProfit,68571,0.69%,1h15m00s,太陽能,3,2,2,726000,715500,712500,-1.446,-1.86
20260202,3533,SignalA,StrongGroup,10:02:21,11:40:21,stopLoss,-168350,-1.68%,1h38m00s,連接器,5,2,2,726000,715500,712500,-1.446,-1.86
20260202,6510,SignalA,StrongGroup,11:02:00,13:20:00,timeExit,43988,0.44%,2h18m00s,探針卡,1,1,2,726000,715500,712500,-1.446,-1.86
20260202,3324,SignalA,StrongGroup,11:20:54,13:20:06,timeExit,-53022,-0.53%,1h59m12s,散熱,3,1,1,726000,715500,712500,-1.446,-1.86
20260202,3653,SignalA,StrongGroup,12:22:12,13:20:38,timeExit,85324,0.85%,0h58m26s,散熱,3,2,2,726000,715500,712500,-1.446,-1.86
20260203,6271,SignalA,StrongGroup,09:22:34,09:30:53,takeProfit,104530,1.05%,0h08m19s,IC封測,13,1,1,715000,730000,729500,2.098,2.028
20260203,6182,SignalA,StrongGroup,09:28:51,09:44:42,stopLoss,-161074,-1.61%,0h15m51s,矽晶圓指標,4,1,2,715000,730000,729500,2.098,2.028
20260203,1303,SignalA,StrongGroup,09:35:54,09:58:54,takeProfit,67385,0.67%,0h23m00s,玻纖布,4,1,5,715000,730000,729500,2.098,2.028
20260203,6443,SignalA,StrongGroup,09:20:59,10:00:00,stopLoss,-11587,-0.12%,0h39m01s,低軌衛星,1,2,3,715000,730000,729500,2.098,2.028
20260203,6215,SignalA,StrongGroup,09:45:45,10:05:44,stopLoss,-174672,-1.75%,0h19m59s,設備儀器商,7,1,4,715000,730000,729500,2.098,2.028
20260203,6271,SignalA,StrongGroup,09:52:16,10:13:26,stopLoss,-172414,-1.72%,0h21m10s,IC封測,13,1,1,715000,730000,729500,2.098,2.028
20260203,1815,SignalA,StrongGroup,10:19:32,10:35:01,stopLoss,-138889,-1.39%,0h15m29s,玻纖布,2,2,3,715000,730000,729500,2.098,2.028
20260203,2467,SignalA,StrongGroup,10:51:27,11:18:07,takeProfit,95420,0.95%,0h26m40s,FOPLP,7,1,1,715000,730000,729500,2.098,2.028
20260203,3017,SignalA,StrongGroup,10:32:41,11:47:39,takeProfit,125392,1.25%,1h14m58s,散熱,1,1,1,715000,730000,729500,2.098,2.028
20260203,6510,SignalA,StrongGroup,10:45:58,13:22:06,timeExit,145357,1.45%,2h36m08s,探針卡,1,2,2,715000,730000,729500,2.098,2.028
20260204,6282,SignalA,StrongGroup,09:21:03,09:22:48,takeProfit,40609,0.41%,0h01m45s,電供,5,1,2,729500,724000,725500,-0.754,-0.548
20260204,6116,SignalA,StrongGroup,09:24:01,09:36:44,stopLoss,-144928,-1.45%,0h12m43s,TFT 面板,1,2,3,729500,724000,725500,-0.754,-0.548
20260204,3189,SignalA,StrongGroup,09:25:42,09:36:49,takeProfit,172414,1.72%,0h11m07s,ABF,6,1,1,729500,724000,725500,-0.754,-0.548
20260204,2049,SignalA,StrongGroup,09:26:23,09:39:43,takeProfit,124224,1.24%,0h13m20s,工具機,3,1,2,729500,724000,725500,-0.754,-0.548
20260204,3019,SignalA,StrongGroup,09:41:28,09:45:52,stopLoss,-152439,-1.52%,0h04m24s,機器人,5,2,3,729500,724000,725500,-0.754,-0.548
20260204,6282,SignalA,StrongGroup,09:43:42,09:53:01,takeProfit,86694,0.87%,0h09m19s,電供,5,1,2,729500,724000,725500,-0.754,-0.548
20260204,6271,SignalA,StrongGroup,09:20:16,10:01:32,takeProfit,196721,1.97%,0h41m16s,IC封測,14,1,1,729500,724000,725500,-0.754,-0.548
20260204,3715,SignalA,StrongGroup,09:37:31,10:10:55,takeProfit,199336,1.99%,0h33m24s,印刷電路板,6,1,6,729500,724000,725500,-0.754,-0.548
20260204,4526,SignalA,StrongGroup,10:37:43,10:38:20,takeProfit,120846,1.21%,0h00m37s,工具機,3,2,3,729500,724000,725500,-0.754,-0.548
20260204,6869,SignalA,StrongGroup,09:46:39,11:14:59,stopLoss,-181818,-1.82%,1h28m20s,太陽能,1,2,4,729500,724000,725500,-0.754,-0.548
20260204,6282,SignalA,StrongGroup,11:03:48,11:21:44,takeProfit,100200,1.00%,0h17m56s,電供,5,1,2,729500,724000,725500,-0.754,-0.548
20260204,6584,SignalA,StrongGroup,09:57:18,13:24:32,timeExit,247734,2.48%,3h27m14s,滑軌,3,1,1,729500,724000,725500,-0.754,-0.548
20260205,5309,SignalA,StrongGroup,09:23:50,09:24:07,takeProfit,132939,1.33%,0h00m17s,車用電子,16,1,2,729000,720500,721000,-1.166,-1.097
20260205,8074,SignalA,StrongGroup,09:24:08,09:33:41,stopLoss,-148368,-1.48%,0h09m33s,PCB上游,1,2,4,729000,720500,721000,-1.166,-1.097
20260205,2374,SignalA,StrongGroup,09:32:36,09:56:52,stopLoss,-141844,-1.42%,0h24m16s,光電,2,1,2,729000,720500,721000,-1.166,-1.097
20260205,1301,SignalA,StrongGroup,09:28:01,10:04:59,stopLoss,-136126,-1.36%,0h36m58s,塑膠,14,1,1,729000,720500,721000,-1.166,-1.097
20260205,8261,SignalA,StrongGroup,10:19:03,10:19:23,takeProfit,96670,0.97%,0h00m20s,二極體,2,1,1,729000,720500,721000,-1.166,-1.097
20260205,5309,SignalA,StrongGroup,10:24:38,10:30:34,stopLoss,-142450,-1.42%,0h05m56s,車用電子,3,1,1,729000,720500,721000,-1.166,-1.097
20260205,8210,SignalA,StrongGroup,09:49:56,13:20:45,timeExit,227488,2.27%,3h30m49s,機殼,1,1,1,729000,720500,721000,-1.166,-1.097
20260206,6584,SignalA,StrongGroup,10:01:16,10:06:38,stopLoss,-139276,-1.39%,0h05m22s,滑軌,1,1,1,720000,714000,710000,-0.833,-1.389
20260209,5347,SignalA,StrongGroup,09:24:41,09:26:00,stopLoss,-157480,-1.57%,0h01m19s,專業IC代工,7,1,1,719000,740500,738000,2.99,2.643
20260210,3532,SignalA,StrongGroup,09:20:19,09:26:18,stopLoss,-136054,-1.36%,0h05m59s,矽晶圓指標,1,1,1,739500,746500,755000,0.947,2.096
20260210,5234,SignalA,StrongGroup,09:36:31,10:05:45,stopLoss,-144928,-1.45%,0h29m14s,電子化工材料,7,1,1,739500,746500,755000,0.947,2.096
20260210,3037,SignalA,StrongGroup,11:18:19,12:38:21,stopLoss,-134048,-1.34%,1h20m02s,ABF,1,1,1,739500,746500,755000,0.947,2.096
20260210,2301,SignalA,StrongGroup,11:08:56,12:41:09,stopLoss,-128134,-1.28%,1h32m13s,電供,10,1,2,739500,746500,755000,0.947,2.096
20260211,4722,SignalA,StrongGroup,09:23:13,09:25:03,stopLoss,-144092,-1.44%,0h01m50s,電子化工材料,5,2,2,755000,759000,763000,0.53,1.06
20260211,5340,SignalA,StrongGroup,09:28:36,09:38:04,stopLoss,-135323,-1.35%,0h09m28s,玻纖布,1,2,3,755000,759000,763000,0.53,1.06
20260211,6213,SignalA,StrongGroup,09:48:41,09:56:08,takeProfit,40650,0.41%,0h07m27s,印刷電路板,3,1,9,755000,759000,763000,0.53,1.06
20260211,6753,SignalA,StrongGroup,10:02:25,10:26:25,stopLoss,-170068,-1.70%,0h24m00s,軍工,5,2,2,755000,759000,763000,0.53,1.06
20260211,1326,SignalA,StrongGroup,09:41:02,13:20:00,timeExit,9401,0.09%,3h38m58s,塑膠,2,2,2,755000,759000,763000,0.53,1.06
20260211,6290,SignalA,StrongGroup,10:41:53,13:20:09,timeExit,-100796,-1.01%,2h38m16s,連接線材,1,1,1,755000,759000,763000,0.53,1.06
20260223,2645,SignalA,StrongGroup,09:28:57,09:33:40,stopLoss,-142045,-1.42%,0h04m43s,軍工,3,2,3,772000,784500,779500,1.619,0.972
20260223,2313,SignalA,StrongGroup,10:05:16,10:40:23,takeProfit,124069,1.24%,0h35m07s,低軌衛星,7,1,1,772000,784500,779500,1.619,0.972
20260223,8043,SignalA,StrongGroup,09:27:17,11:07:02,takeProfit,53619,0.54%,1h39m45s,被動元件,1,1,4,772000,784500,779500,1.619,0.972
20260223,6176,SignalA,StrongGroup,09:30:25,12:46:13,stopLoss,-184502,-1.85%,3h15m48s,光電,15,1,1,772000,784500,779500,1.619,0.972
20260223,2609,SignalA,StrongGroup,09:31:17,13:20:00,timeExit,46847,0.47%,3h48m43s,海運,1,1,2,772000,784500,779500,1.619,0.972
20260223,8074,SignalA,StrongGroup,09:38:05,13:20:21,timeExit,-45662,-0.46%,3h42m16s,鑽孔,1,2,2,772000,784500,779500,1.619,0.972
20260224,2455,SignalA,StrongGroup,09:28:16,09:34:12,takeProfit,103896,1.04%,0h05m56s,砷化鎵,1,2,3,774000,779500,780000,0.711,0.775
20260224,1717,SignalA,StrongGroup,09:23:34,09:35:53,stopLoss,-129450,-1.29%,0h12m19s,特化,6,1,2,774000,779500,780000,0.711,0.775
20260224,8358,SignalA,StrongGroup,09:22:59,09:42:31,takeProfit,103986,1.04%,0h19m32s,PCB上游,1,1,3,774000,779500,780000,0.711,0.775
20260224,2406,SignalA,StrongGroup,09:39:35,09:47:13,stopLoss,-144695,-1.45%,0h07m38s,太陽能,2,1,3,774000,779500,780000,0.711,0.775
20260224,8074,SignalA,StrongGroup,09:38:14,09:50:56,takeProfit,58224,0.58%,0h12m42s,PCB上游,1,2,6,774000,779500,780000,0.711,0.775
20260224,6443,SignalA,StrongGroup,09:28:02,10:24:25,stopLoss,-155689,-1.56%,0h56m23s,太陽能,1,2,4,774000,779500,780000,0.711,0.775
20260224,2472,SignalA,StrongGroup,10:07:58,10:30:31,stopLoss,-165289,-1.65%,0h22m33s,被動元件,5,1,4,774000,779500,780000,0.711,0.775
20260224,1303,SignalA,StrongGroup,09:41:43,11:02:04,takeProfit,102506,1.03%,1h20m21s,玻纖布,1,1,4,774000,779500,780000,0.711,0.775
20260224,3443,SignalA,StrongGroup,10:47:58,11:12:05,stopLoss,-141700,-1.42%,0h24m07s,設計IP,12,1,3,774000,779500,780000,0.711,0.775
20260224,2455,SignalA,StrongGroup,10:38:38,12:55:59,takeProfit,230769,2.31%,2h17m21s,砷化鎵,1,2,3,774000,779500,780000,0.711,0.775
20260224,5234,SignalA,StrongGroup,11:37:21,13:20:00,timeExit,207852,2.08%,1h42m39s,特化,12,1,1,774000,779500,780000,0.711,0.775
20260224,2308,SignalA,StrongGroup,10:59:35,13:20:00,timeExit,51095,0.51%,2h20m25s,電供,12,1,1,774000,779500,780000,0.711,0.775
20260224,6213,SignalA,StrongGroup,11:26:09,13:20:00,timeExit,215385,2.15%,1h53m51s,PCB上游,2,2,4,774000,779500,780000,0.711,0.775
20260225,6640,SignalA,StrongGroup,09:21:08,09:23:28,takeProfit,128700,1.29%,0h02m20s,半導體設備,9,1,2,794000,803500,805000,1.196,1.385
20260225,1326,SignalA,StrongGroup,09:27:59,09:32:37,takeProfit,159067,1.59%,0h04m38s,塑膠,2,1,1,794000,803500,805000,1.196,1.385
20260225,4768,SignalA,StrongGroup,09:34:47,09:35:31,stopLoss,-138090,-1.38%,0h00m44s,特化,2,2,2,794000,803500,805000,1.196,1.385
20260225,6510,SignalA,StrongGroup,09:30:32,09:42:43,takeProfit,38961,0.39%,0h12m11s,探針卡,15,1,1,794000,803500,805000,1.196,1.385
20260225,4722,SignalA,StrongGroup,09:27:38,09:59:53,takeProfit,198511,1.99%,0h32m15s,特化,2,1,1,794000,803500,805000,1.196,1.385
20260225,8210,SignalA,StrongGroup,09:45:56,10:46:52,takeProfit,11173,0.11%,1h00m56s,機殼,3,2,2,794000,803500,805000,1.196,1.385
20260225,2317,SignalA,StrongGroup,09:47:06,10:57:25,takeProfit,61983,0.62%,1h10m19s,ODM,3,2,2,794000,803500,805000,1.196,1.385
20260225,6640,SignalA,StrongGroup,10:35:47,11:07:12,stopLoss,-200000,-2.00%,0h31m25s,半導體設備,9,1,2,794000,803500,805000,1.196,1.385
20260226,8086,SignalA,StrongGroup,09:22:13,09:24:43,stopLoss,-158730,-1.59%,0h02m30s,砷化鎵,1,2,3,811000,812500,810000,0.185,-0.123
20260226,8086,SignalA,StrongGroup,09:26:29,09:27:55,stopLoss,-158730,-1.59%,0h01m26s,砷化鎵,1,2,3,811000,812500,810000,0.185,-0.123
20260226,2436,SignalA,StrongGroup,09:24:54,09:30:08,takeProfit,79872,0.80%,0h05m14s,車用電子,10,1,1,811000,812500,810000,0.185,-0.123
20260226,3131,SignalA,StrongGroup,09:26:25,09:31:54,takeProfit,116279,1.16%,0h05m29s,半導體設備,4,2,3,811000,812500,810000,0.185,-0.123
20260226,6788,SignalA,StrongGroup,09:42:24,09:47:44,takeProfit,175182,1.75%,0h05m20s,半導體設備,3,2,5,811000,812500,810000,0.185,-0.123
20260226,6223,SignalA,StrongGroup,09:43:59,10:05:46,takeProfit,108499,1.08%,0h21m47s,探針卡,6,1,1,811000,812500,810000,0.185,-0.123
20260226,2329,SignalA,StrongGroup,09:22:19,13:20:02,timeExit,163823,1.64%,3h57m43s,IC封測,11,1,1,811000,812500,810000,0.185,-0.123
20260226,6788,SignalA,StrongGroup,12:07:56,13:20:13,timeExit,85470,0.85%,1h12m17s,半導體設備,2,2,5,811000,812500,810000,0.185,-0.123
20260302,4989,SignalA,StrongGroup,09:23:59,09:43:54,takeProfit,281065,2.81%,0h19m55s,CCL,18,1,1,811500,795000,804500,-2.033,-0.863
20260302,3037,SignalA,StrongGroup,09:50:32,10:14:09,stopLoss,-141557,-1.42%,0h23m37s,ABF,5,1,1,811500,795000,804500,-2.033,-0.863
20260302,3701,SignalA,StrongGroup,11:18:34,11:45:21,takeProfit,295082,2.95%,0h26m47s,CPO,2,1,6,811500,795000,804500,-2.033,-0.863
20260303,6706,SignalA,StrongGroup,09:20:03,09:27:01,stopLoss,-141844,-1.42%,0h06m58s,CPO,2,2,6,803500,800500,802000,-0.373,-0.187
20260303,6271,SignalA,StrongGroup,09:20:59,09:29:50,stopLoss,22727,0.23%,0h08m51s,IC封測,12,1,2,803500,800500,802000,-0.373,-0.187
20260303,2615,SignalA,StrongGroup,09:31:27,10:05:47,stopLoss,-83333,-0.83%,0h34m20s,海運,2,2,3,803500,800500,802000,-0.373,-0.187
20260303,2615,SignalA,StrongGroup,10:14:00,11:36:45,takeProfit,106888,1.07%,1h22m45s,海運,1,2,3,803500,800500,802000,-0.373,-0.187
20260303,2609,SignalA,StrongGroup,10:11:32,11:38:33,takeProfit,93458,0.93%,1h27m01s,海運,1,1,2,803500,800500,802000,-0.373,-0.187
