Date,Symbol,Signal,Cause,EntryTime,ExitTime,LeaveCause,PnL,Return%,Duration,EntryPrice,Group,GRank,MRank,RRank,M1Symbol
20251201,4939,SignalA,StrongGroup,09:49:59,10:09:09,takeProfit,206795,2.07,0h19m10s,33.9,印刷電路板,9,1,1,
20251201,4939,SignalA,StrongGroup,10:35:32,12:21:20,takeProfit,279823,2.80,1h45m48s,34.0,印刷電路板,8,1,1,
20251202,8150,SignalA,StrongGroup,09:36:56,09:44:36,takeProfit,68182,0.68,0h07m40s,44.0,記憶體,9,1,2,
20251202,3189,SignalA,StrongGroup,09:26:43,09:59:13,stopLoss,-171821,-1.72,0h32m30s,145.5,ABF,9,1,1,
20251203,3529,SignalA,StrongGroup,10:09:59,10:33:08,stopLoss,-139211,-1.39,0h23m09s,2155.0,設計IP,9,1,1,
20251203,1303,SignalA,StrongGroup,11:11:19,12:03:41,takeProfit,134328,1.34,0h52m22s,67.0,塑膠,2,1,1,
20251204,3529,SignalA,StrongGroup,09:22:45,09:26:05,stopLoss,-164319,-1.64,0h03m20s,2130.0,設計IP,5,1,2,
20251204,4989,SignalA,StrongGroup,09:20:38,09:28:40,stopLoss,-133172,-1.33,0h08m02s,41.3,PCB上游,7,1,1,
20251204,2374,SignalA,StrongGroup,09:29:24,09:29:52,takeProfit,60168,0.60,0h00m28s,83.1,光電,1,1,1,
20251204,3189,SignalA,StrongGroup,09:25:17,09:31:19,stopLoss,-162866,-1.63,0h06m02s,153.5,ABF,2,1,1,
20251205,3653,SignalA,StrongGroup,09:54:28,10:14:20,takeProfit,101010,1.01,0h19m52s,2970.0,散熱,1,1,1,
20251205,5274,SignalA,StrongGroup,09:24:27,10:27:05,takeProfit,29940,0.30,1h02m38s,6675.0,IC設計,4,1,1,
20251205,3443,SignalA,StrongGroup,10:07:08,10:48:47,stopLoss,-136364,-1.36,0h41m39s,2200.0,設計IP,4,1,1,
20251205,3443,SignalA,StrongGroup,11:06:06,13:20:10,timeExit,68027,0.68,2h14m04s,2205.0,設計IP,4,1,1,
20251205,6669,SignalA,StrongGroup,10:28:22,13:20:45,timeExit,-116525,-1.17,2h52m23s,4715.0,ODM,4,1,1,
20251208,1802,SignalA,StrongGroup,09:25:28,09:28:10,takeProfit,120321,1.20,0h02m42s,37.4,玻纖布,5,1,1,
20251208,2485,SignalA,StrongGroup,09:20:49,09:29:38,takeProfit,85837,0.86,0h08m49s,23.3,網路通訊,5,1,1,
20251208,1802,SignalA,StrongGroup,09:48:14,13:20:03,timeExit,-13038,-0.13,3h31m49s,38.4,玻纖布,2,1,1,
20251209,2316,SignalA,StrongGroup,09:23:23,09:26:53,takeProfit,44643,0.45,0h03m30s,111.5,印刷電路板,8,1,1,
20251209,2345,SignalA,StrongGroup,09:34:55,09:42:34,takeProfit,146341,1.46,0h07m39s,1025.0,網路通訊,1,1,1,
20251209,6515,SignalA,StrongGroup,09:43:57,09:47:22,takeProfit,112782,1.13,0h03m25s,2660.0,探針卡,1,1,1,
20251209,2345,SignalA,StrongGroup,10:06:22,10:14:26,stopLoss,-144928,-1.45,0h08m04s,1035.0,網路通訊,1,1,1,
20251209,2345,SignalA,StrongGroup,10:17:32,10:22:49,stopLoss,-144928,-1.45,0h05m17s,1035.0,網路通訊,1,1,1,
20251209,2316,SignalA,StrongGroup,09:51:29,11:02:15,stopLoss,-133333,-1.33,1h10m46s,112.5,印刷電路板,8,1,1,
20251209,3037,SignalA,StrongGroup,09:43:19,11:24:41,stopLoss,-34707,-0.35,1h41m22s,230.5,ABF,2,1,1,
20251210,6739,SignalA,StrongGroup,09:23:56,09:29:10,stopLoss,-150188,-1.50,0h05m14s,799.0,設備儀器商,1,1,1,
20251210,6706,SignalA,StrongGroup,09:26:05,09:36:09,stopLoss,-163934,-1.64,0h10m04s,122.0,CPO,4,1,2,
20251210,6706,SignalA,StrongGroup,09:37:36,09:45:13,stopLoss,-163934,-1.64,0h07m37s,122.0,CPO,4,1,2,
20251210,1519,SignalA,StrongGroup,10:44:40,13:20:00,timeExit,51746,0.52,2h35m20s,773.0,重電,2,1,1,
20251211,5498,SignalA,StrongGroup,09:31:14,09:39:13,takeProfit,87108,0.87,0h07m59s,28.7,PCB上游,2,1,1,
20251211,3211,SignalA,StrongGroup,09:39:20,09:40:18,takeProfit,71301,0.71,0h00m58s,280.5,BBU,5,1,2,
20251211,6139,SignalA,StrongGroup,09:28:20,09:40:53,stopLoss,-147330,-1.47,0h12m33s,543.0,廠務,1,1,1,
20251211,5475,SignalA,StrongGroup,09:32:53,09:50:23,stopLoss,-142012,-1.42,0h17m30s,84.5,玻纖布,13,1,1,
20251211,4989,SignalA,StrongGroup,09:32:37,09:52:27,stopLoss,-143965,-1.44,0h19m50s,45.1,CCL,6,1,2,
20251211,6291,SignalA,StrongGroup,09:33:22,09:52:31,takeProfit,139665,1.40,0h19m09s,179.0,IC設計,10,1,1,
20251211,1815,SignalA,StrongGroup,09:54:38,09:58:04,takeProfit,114155,1.14,0h03m26s,87.6,PCB上游,3,1,4,
20251211,4989,SignalA,StrongGroup,10:05:13,10:32:14,stopLoss,-143965,-1.44,0h27m01s,45.1,CCL,6,1,2,
20251211,3376,SignalA,StrongGroup,10:08:48,11:06:06,stopLoss,-160183,-1.60,0h57m18s,218.5,軸承,1,1,1,
20251211,2371,SignalA,StrongGroup,09:40:52,12:26:10,takeProfit,73529,0.74,2h45m18s,34.0,重電,2,1,1,
20251211,5498,SignalA,StrongGroup,10:23:37,13:20:00,timeExit,-68729,-0.69,2h56m23s,29.1,PCB上游,2,1,1,
20251211,2612,SignalA,StrongGroup,10:52:44,13:20:17,timeExit,-94044,-0.94,2h27m33s,63.8,海運,9,1,1,
20251212,3563,SignalA,StrongGroup,09:26:28,09:26:33,takeProfit,38168,0.38,0h00m05s,524.0,PCB 設備,4,1,1,
20251212,6584,SignalA,StrongGroup,09:20:27,09:28:11,stopLoss,-107193,-1.07,0h07m44s,354.5,滑軌,2,1,1,
20251212,5289,SignalA,StrongGroup,09:37:46,09:50:52,takeProfit,70850,0.71,0h13m06s,493.5,記憶體,5,1,1,
20251212,8039,SignalA,StrongGroup,09:34:17,10:02:44,stopLoss,-34000,-0.34,0h28m27s,100.0,CCL,8,1,1,
20251212,6139,SignalA,StrongGroup,10:11:27,10:27:17,stopLoss,-141343,-1.41,0h15m50s,566.0,廠務,1,1,2,
20251215,2606,SignalA,StrongGroup,09:43:57,10:03:20,stopLoss,-145867,-1.46,0h19m23s,61.7,海運,1,1,1,
20251215,3030,SignalA,StrongGroup,12:32:21,13:20:00,timeExit,-29240,-0.29,0h47m39s,171.0,PCB 設備,12,1,1,
20251216,6291,SignalA,StrongGroup,09:25:54,09:28:35,stopLoss,-155440,-1.55,0h02m41s,193.0,IC設計,2,1,1,
20251216,2371,SignalA,StrongGroup,09:26:10,09:30:21,stopLoss,-136364,-1.36,0h04m11s,33.0,重電,2,1,1,
20251216,3035,SignalA,StrongGroup,09:24:03,09:49:46,stopLoss,-108571,-1.09,0h25m43s,175.0,設計IP,17,1,1,
20251217,8027,SignalA,StrongGroup,09:20:49,09:38:22,stopLoss,35088,0.35,0h17m33s,114.0,半導體設備,7,1,1,
20251217,4967,SignalA,StrongGroup,09:42:59,09:50:43,takeProfit,72202,0.72,0h07m44s,138.5,記憶體,8,1,1,
20251217,2367,SignalA,StrongGroup,09:50:06,10:25:57,stopLoss,-159858,-1.60,0h35m51s,28.1,印刷電路板,9,1,3,
20251217,2887,SignalA,StrongGroup,10:00:40,11:09:04,takeProfit,167064,1.67,1h08m24s,20.9,金控,2,1,1,
20251218,5328,SignalA,StrongGroup,09:33:52,09:42:20,takeProfit,117096,1.17,0h08m28s,21.4,被動元件,3,1,1,
20251218,6903,SignalA,StrongGroup,09:33:20,09:45:48,takeProfit,240175,2.40,0h12m28s,228.5,廠務,2,1,1,
20251218,2495,SignalA,StrongGroup,12:16:15,13:20:01,timeExit,0,0.00,1h03m46s,30.4,記憶體,1,1,2,
20251219,8039,SignalA,StrongGroup,09:37:58,09:41:37,stopLoss,-147679,-1.48,0h03m39s,94.8,CCL,3,1,1,
20251219,2485,SignalA,StrongGroup,09:41:01,10:01:30,stopLoss,-148270,-1.48,0h20m29s,30.4,低軌衛星,3,1,3,
20251219,1303,SignalA,StrongGroup,09:49:09,10:43:56,stopLoss,-148270,-1.48,0h54m47s,60.7,塑膠,2,1,1,
20251219,3037,SignalA,StrongGroup,09:41:10,10:50:08,stopLoss,-64965,-0.65,1h08m58s,215.5,ABF,4,1,1,
20251222,2413,SignalA,StrongGroup,09:24:13,13:04:14,takeProfit,119581,1.20,3h40m01s,33.4,電供,8,1,1,
20251222,6257,SignalA,StrongGroup,09:47:54,13:20:07,timeExit,-19704,-0.20,3h32m13s,101.5,IC封測,11,1,1,
20251223,1785,SignalA,StrongGroup,09:27:02,09:36:50,stopLoss,-147275,-1.47,0h09m48s,67.9,電子化工材料,2,1,1,
20251223,6903,SignalA,StrongGroup,09:23:12,09:41:40,stopLoss,-167015,-1.67,0h18m28s,239.5,廠務,3,1,1,
20251223,8033,SignalA,StrongGroup,09:46:50,09:47:28,stopLoss,-161290,-1.61,0h00m38s,155.0,軍工,1,1,2,
20251223,3167,SignalA,StrongGroup,09:46:02,10:13:32,stopLoss,-61002,-0.61,0h27m30s,229.5,PCB 設備,16,1,1,
20251223,2495,SignalA,StrongGroup,09:43:27,10:35:15,stopLoss,-143312,-1.43,0h51m48s,31.4,網路通訊,9,1,2,
20251223,4989,SignalA,StrongGroup,12:14:15,13:08:32,stopLoss,-150463,-1.50,0h54m17s,43.1,PCB上游,4,1,2,
20251223,2467,SignalA,StrongGroup,12:03:27,13:20:43,timeExit,-42553,-0.43,1h17m16s,235.0,PCB 設備,14,1,1,
20251224,1815,SignalA,StrongGroup,09:24:52,09:37:24,stopLoss,-132597,-1.33,0h12m32s,90.5,玻纖布,4,1,1,
20251224,4916,SignalA,StrongGroup,09:26:05,09:46:39,stopLoss,-145396,-1.45,0h20m34s,61.9,軍工,5,1,1,
20251224,6274,SignalA,StrongGroup,09:44:42,09:53:12,stopLoss,-154162,-1.54,0h08m30s,486.0,PCB上游,1,1,1,
20251224,6442,SignalA,StrongGroup,10:03:25,10:13:55,takeProfit,121457,1.21,0h10m30s,1235.0,CPO,15,1,2,
20251224,6274,SignalA,StrongGroup,10:02:00,11:03:49,takeProfit,92593,0.93,1h01m49s,486.0,PCB上游,1,1,1,
20251224,6176,SignalA,StrongGroup,10:38:11,13:20:01,timeExit,-113636,-1.14,2h41m50s,132.0,光電,8,1,1,
20251226,3167,SignalA,StrongGroup,09:23:35,09:24:32,takeProfit,105708,1.06,0h00m57s,236.5,鑽孔,1,1,1,
20251226,3105,SignalA,StrongGroup,09:20:20,09:28:41,takeProfit,51948,0.52,0h08m21s,192.5,砷化鎵,12,1,1,
20251226,6510,SignalA,StrongGroup,09:32:21,09:33:44,takeProfit,105932,1.06,0h01m23s,2360.0,探針卡,1,1,3,
20251226,1815,SignalA,StrongGroup,09:23:27,09:34:06,stopLoss,-135699,-1.36,0h10m39s,95.8,玻纖布,2,1,1,
20251226,8103,SignalA,StrongGroup,09:36:12,11:53:44,takeProfit,91743,0.92,2h17m32s,87.2,連接線材,11,1,1,
20251226,3167,SignalA,StrongGroup,10:03:55,13:20:00,timeExit,8386,0.08,3h16m05s,238.5,鑽孔,1,1,1,
20251226,5536,SignalA,StrongGroup,10:26:39,13:20:05,timeExit,20151,0.20,2h53m26s,793.0,廠務,12,1,1,
20251229,1303,SignalA,StrongGroup,09:48:05,09:59:15,takeProfit,50590,0.51,0h11m10s,59.3,塑膠,9,1,1,
20251229,2493,SignalA,StrongGroup,10:32:17,10:38:33,stopLoss,-168776,-1.69,0h06m16s,118.5,PCB 設備,9,1,1,
20251229,3680,SignalA,StrongGroup,09:52:26,12:57:46,stopLoss,-158960,-1.59,3h05m20s,345.5,半導體設備,3,1,2,
20251229,6789,SignalA,StrongGroup,11:48:45,13:20:30,timeExit,-86655,-0.87,1h31m45s,288.5,IC設計,7,1,2,
20251230,2451,SignalA,StrongGroup,09:20:55,09:23:57,stopLoss,-154242,-1.54,0h03m02s,194.5,記憶體,1,1,2,
20251230,3624,SignalA,StrongGroup,09:20:12,09:31:33,stopLoss,-146789,-1.47,0h11m21s,54.5,被動元件,3,1,1,
20251230,6282,SignalA,StrongGroup,09:38:44,09:46:50,takeProfit,116414,1.16,0h08m06s,43.0,電供,1,1,2,
20251230,6442,SignalA,StrongGroup,09:36:14,09:50:22,takeProfit,75758,0.76,0h14m08s,1320.0,CPO,7,1,1,
20251230,6257,SignalA,StrongGroup,09:23:24,10:12:31,stopLoss,-173160,-1.73,0h49m07s,115.5,IC封測,2,1,1,
20251230,6282,SignalA,StrongGroup,10:32:22,10:43:14,takeProfit,115875,1.16,0h10m52s,43.1,電供,1,1,2,
20251231,3189,SignalA,StrongGroup,09:20:43,09:27:48,takeProfit,64725,0.65,0h07m05s,154.5,ABF,4,1,1,
20251231,4772,SignalA,StrongGroup,09:33:59,09:55:22,stopLoss,-141287,-1.41,0h21m23s,318.5,特化,2,1,1,
20251231,2467,SignalA,StrongGroup,10:20:34,10:31:41,takeProfit,98039,0.98,0h11m07s,254.5,半導體設備,7,1,1,
20251231,3090,SignalA,StrongGroup,10:08:54,11:16:39,takeProfit,83333,0.83,1h07m45s,96.0,被動元件,16,1,1,
20260102,4989,SignalA,StrongGroup,09:21:19,09:29:56,stopLoss,-142349,-1.42,0h08m37s,56.2,PCB上游,4,2,2,
20260102,6531,SignalA,StrongGroup,09:23:10,09:31:13,stopLoss,-141304,-1.41,0h08m03s,460.0,設計IP,3,2,3,
20260102,3551,SignalA,StrongGroup,09:36:23,09:46:32,stopLoss,-143541,-1.44,0h10m09s,209.0,電子化工材料,1,2,3,
20260102,1727,SignalA,StrongGroup,10:42:12,11:07:49,stopLoss,-140693,-1.41,0h25m37s,46.2,電子化工材料,1,2,3,
20260102,3551,SignalA,StrongGroup,10:17:05,12:36:49,stopLoss,-143541,-1.44,2h19m44s,209.0,電子化工材料,1,2,3,
20260102,2449,SignalA,StrongGroup,11:08:19,13:20:00,timeExit,0,0.00,2h11m41s,267.5,IC封測,3,1,3,
20260105,8028,SignalA,StrongGroup,09:38:22,09:46:23,takeProfit,103093,1.03,0h08m01s,194.0,再生晶圓,1,2,2,
20260105,2345,SignalA,StrongGroup,09:51:06,10:04:54,stopLoss,-133891,-1.34,0h13m48s,1195.0,網路通訊,9,1,2,
20260105,3236,SignalA,StrongGroup,10:20:11,10:37:00,stopLoss,-154799,-1.55,0h16m49s,32.3,被動元件,3,1,5,
20260105,8028,SignalA,StrongGroup,10:46:36,10:53:36,takeProfit,304569,3.05,0h07m00s,197.0,再生晶圓,1,2,2,
20260105,6139,SignalA,StrongGroup,10:14:12,13:20:01,timeExit,-66667,-0.67,3h05m49s,600.0,廠務,5,1,1,
20260106,3376,SignalA,StrongGroup,09:51:40,10:05:19,stopLoss,-139211,-1.39,0h13m39s,215.5,軸承,2,1,1,
20260106,8103,SignalA,StrongGroup,10:15:12,10:31:36,takeProfit,129450,1.29,0h16m24s,92.6,連接線材,3,1,2,
20260106,8103,SignalA,StrongGroup,11:59:47,12:42:26,stopLoss,-139335,-1.39,0h42m39s,93.3,連接線材,2,1,1,
20260106,1303,SignalA,StrongGroup,11:44:00,13:20:00,timeExit,68493,0.68,1h36m00s,58.4,塑膠,2,1,1,
20260106,2360,SignalA,StrongGroup,09:22:06,13:20:07,timeExit,-11655,-0.12,3h58m01s,858.0,設備儀器商,3,1,1,
20260106,3529,SignalA,StrongGroup,11:39:06,13:20:08,timeExit,-115607,-1.16,1h41m02s,1730.0,設計IP,2,2,2,
20260107,2495,SignalA,StrongGroup,09:22:40,09:27:05,takeProfit,92593,0.93,0h04m25s,32.4,記憶體,7,1,3,
20260107,2455,SignalA,StrongGroup,09:23:48,09:35:12,takeProfit,97403,0.97,0h11m24s,154.0,砷化鎵,8,1,1,
20260107,2406,SignalA,StrongGroup,09:34:00,09:39:16,takeProfit,159046,1.59,0h05m16s,25.1,太陽能,2,1,3,
20260107,2303,SignalA,StrongGroup,09:32:50,10:01:44,takeProfit,170455,1.70,0h28m54s,52.8,專業IC代工,1,1,1,
20260107,2485,SignalA,StrongGroup,09:42:09,10:05:52,stopLoss,-135135,-1.35,0h23m43s,25.9,低軌衛星,14,1,2,
20260107,6104,SignalA,StrongGroup,09:47:29,10:14:48,takeProfit,73762,0.74,0h27m19s,94.8,IC設計,16,1,1,
20260107,1605,SignalA,StrongGroup,09:25:18,10:33:57,takeProfit,104439,1.04,1h08m39s,38.3,電線電纜,2,1,1,
20260107,1608,SignalA,StrongGroup,09:52:35,11:22:16,takeProfit,25381,0.25,1h29m41s,39.4,電線電纜,2,2,2,
20260107,2495,SignalA,StrongGroup,10:32:43,12:04:07,takeProfit,91603,0.92,1h31m24s,32.8,記憶體,5,1,1,
20260107,2455,SignalA,StrongGroup,10:32:34,12:27:58,stopLoss,-158730,-1.59,1h55m24s,157.5,砷化鎵,2,1,1,
20260107,5483,SignalA,StrongGroup,11:12:18,13:20:10,timeExit,-24291,-0.24,2h07m52s,123.5,太陽能,1,2,3,
20260108,3491,SignalA,StrongGroup,09:25:41,09:31:08,stopLoss,-140485,-1.40,0h05m27s,783.0,低軌衛星,7,1,2,
20260108,6223,SignalA,StrongGroup,09:31:08,09:34:58,stopLoss,-103139,-1.03,0h03m50s,2230.0,探針卡,8,1,1,
20260108,1326,SignalA,StrongGroup,09:20:20,09:37:34,stopLoss,-147059,-1.47,0h17m14s,34.0,塑膠,1,1,2,
20260108,1802,SignalA,StrongGroup,09:47:52,09:52:34,stopLoss,-147849,-1.48,0h04m42s,37.2,玻纖布,3,2,3,
20260108,5274,SignalA,StrongGroup,09:51:27,10:47:49,stopLoss,-206186,-2.06,0h56m22s,7725.0,IC設計,4,2,5,
20260108,2404,SignalA,StrongGroup,11:04:30,11:49:23,stopLoss,-144928,-1.45,0h44m53s,1035.0,廠務,3,2,2,
20260112,3037,SignalA,StrongGroup,09:21:32,09:35:16,stopLoss,-112266,-1.12,0h13m44s,240.5,ABF,1,1,1,
20260112,2495,SignalA,StrongGroup,09:31:08,09:35:30,takeProfit,90498,0.90,0h04m22s,33.1,網路通訊,9,1,2,
20260112,3693,SignalA,StrongGroup,09:33:18,09:35:40,stopLoss,-134048,-1.34,0h02m22s,373.0,機殼,16,1,1,
20260112,3037,SignalA,StrongGroup,09:37:27,09:41:27,takeProfit,62370,0.62,0h04m00s,240.5,ABF,1,1,1,
20260112,3167,SignalA,StrongGroup,09:39:12,10:05:33,takeProfit,152838,1.53,0h26m21s,229.0,鑽孔,7,1,2,
20260112,5483,SignalA,StrongGroup,09:35:57,10:24:45,stopLoss,-41841,-0.42,0h48m48s,119.5,太陽能,1,2,2,
20260112,3491,SignalA,StrongGroup,09:49:56,10:25:09,stopLoss,-146520,-1.47,0h35m13s,819.0,低軌衛星,1,2,3,
20260112,6285,SignalA,StrongGroup,10:02:47,11:08:18,takeProfit,138889,1.39,1h05m31s,108.0,低軌衛星,1,2,4,
20260112,3491,SignalA,StrongGroup,10:42:34,11:36:46,stopLoss,-134474,-1.34,0h54m12s,818.0,低軌衛星,1,2,3,
20260112,5347,SignalA,StrongGroup,09:27:45,13:20:02,timeExit,206897,2.07,3h52m17s,116.0,專業IC代工,1,1,1,
20260113,3167,SignalA,StrongGroup,09:29:16,09:30:08,takeProfit,62241,0.62,0h00m52s,241.0,鑽孔,5,1,1,
20260113,8150,SignalA,StrongGroup,09:29:46,09:35:38,stopLoss,-145161,-1.45,0h05m52s,62.0,記憶體,4,2,5,
20260113,6739,SignalA,StrongGroup,09:30:02,09:36:49,takeProfit,80107,0.80,0h06m47s,749.0,設備儀器商,5,2,3,
20260113,6282,SignalA,StrongGroup,09:30:56,09:39:18,stopLoss,-157171,-1.57,0h08m22s,50.9,電供,11,1,1,
20260113,6196,SignalA,StrongGroup,09:36:27,09:42:33,stopLoss,-154374,-1.54,0h06m06s,291.5,半導體設備,5,1,2,
20260113,4973,SignalA,StrongGroup,09:41:51,09:42:35,stopLoss,-153551,-1.54,0h00m44s,52.1,記憶體,4,1,5,
20260113,3037,SignalA,StrongGroup,09:34:57,10:07:39,stopLoss,-3937,-0.04,0h32m42s,254.0,ABF,4,1,1,
20260113,8210,SignalA,StrongGroup,09:43:58,10:07:57,stopLoss,-156576,-1.57,0h23m59s,957.0,機殼,9,1,1,
20260113,3167,SignalA,StrongGroup,09:46:35,10:37:01,takeProfit,103520,1.04,0h50m26s,241.5,鑽孔,5,1,1,
20260113,6683,SignalA,StrongGroup,10:19:06,11:58:00,stopLoss,-134639,-1.35,1h38m54s,408.5,探針卡,9,1,1,
20260113,3167,SignalA,StrongGroup,11:07:18,13:20:00,timeExit,-8230,-0.08,2h12m42s,243.0,鑽孔,5,1,1,
20260113,8046,SignalA,StrongGroup,10:25:13,13:20:00,timeExit,18657,0.19,2h54m47s,268.0,ABF,2,1,1,
20260114,1519,SignalA,StrongGroup,09:29:06,09:33:06,takeProfit,70175,0.70,0h04m00s,855.0,重電,1,1,1,
20260114,3402,SignalA,StrongGroup,10:13:37,10:25:36,takeProfit,102389,1.02,0h11m59s,146.0,廠務,9,1,3,
20260114,6127,SignalA,StrongGroup,10:04:51,10:34:25,stopLoss,-132053,-1.32,0h29m34s,41.6,被動元件,1,2,5,
20260114,3624,SignalA,StrongGroup,09:41:55,10:37:00,stopLoss,-145138,-1.45,0h55m05s,68.9,被動元件,1,2,2,
20260114,2345,SignalA,StrongGroup,09:32:30,10:40:12,stopLoss,-131148,-1.31,1h07m42s,1220.0,網路通訊,2,2,2,
20260114,1504,SignalA,StrongGroup,10:03:25,11:46:12,takeProfit,262857,2.63,1h42m47s,87.4,重電,1,1,2,
20260114,2308,SignalA,StrongGroup,09:44:27,13:20:00,timeExit,-37559,-0.38,3h35m33s,1065.0,電供,8,1,2,
20260114,3707,SignalA,StrongGroup,11:12:53,13:20:02,timeExit,-120275,-1.20,2h07m09s,58.2,矽晶圓指標,2,2,4,
20260115,3443,SignalA,StrongGroup,09:20:35,09:22:02,takeProfit,39920,0.40,0h01m27s,2505.0,設計IP,6,1,1,
20260115,3189,SignalA,StrongGroup,09:21:44,09:27:19,takeProfit,113960,1.14,0h05m35s,175.5,ABF,9,1,1,
20260115,2455,SignalA,StrongGroup,09:25:49,09:31:07,stopLoss,-42169,-0.42,0h05m18s,166.0,砷化鎵,7,1,1,
20260115,1605,SignalA,StrongGroup,09:37:17,09:45:32,takeProfit,107399,1.07,0h08m15s,41.9,不鏽鋼,4,2,2,
20260115,8021,SignalA,StrongGroup,09:39:26,10:05:52,stopLoss,13605,0.14,0h26m26s,220.5,PCB上游,2,2,4,
20260115,1802,SignalA,StrongGroup,10:16:52,10:46:47,stopLoss,-111717,-1.12,0h29m55s,36.7,玻纖布,1,1,2,
20260115,2313,SignalA,StrongGroup,09:31:32,10:53:25,stopLoss,-177305,-1.77,1h21m53s,141.0,低軌衛星,1,1,2,
20260115,1605,SignalA,StrongGroup,10:56:38,11:14:02,takeProfit,236128,2.36,0h17m24s,42.4,不鏽鋼,3,1,1,
20260115,1802,SignalA,StrongGroup,11:07:00,11:17:34,takeProfit,68120,0.68,0h10m34s,36.7,玻纖布,1,1,2,
20260116,3701,SignalA,StrongGroup,09:24:18,09:29:26,stopLoss,-162602,-1.63,0h05m08s,61.4,CPO,3,1,1,
20260116,6706,SignalA,StrongGroup,09:29:00,09:33:38,stopLoss,-132231,-1.32,0h04m38s,121.0,CPO,3,2,2,
20260116,2374,SignalA,StrongGroup,09:27:28,09:43:34,takeProfit,84643,0.85,0h16m06s,82.7,光學鏡頭指標,3,1,1,
20260116,8271,SignalA,StrongGroup,09:40:07,09:45:13,takeProfit,118577,1.19,0h05m06s,126.5,記憶體,5,2,5,
20260116,5347,SignalA,StrongGroup,09:26:37,10:07:12,takeProfit,228137,2.28,0h40m35s,131.5,專業IC代工,4,1,1,
20260116,3376,SignalA,StrongGroup,09:37:49,10:19:46,stopLoss,-13333,-0.13,0h41m57s,225.0,軸承,5,1,1,
20260116,2374,SignalA,StrongGroup,10:13:44,13:20:00,timeExit,-28846,-0.29,3h06m16s,83.2,光學鏡頭指標,3,1,1,
20260116,2451,SignalA,StrongGroup,10:03:22,13:20:05,timeExit,78895,0.79,3h16m43s,253.0,記憶體,3,1,3,
20260119,6488,SignalA,StrongGroup,09:20:04,09:31:40,stopLoss,-140704,-1.41,0h11m36s,497.5,矽晶圓指標,6,1,1,
20260119,1303,SignalA,StrongGroup,09:20:51,09:43:21,stopLoss,101828,1.02,0h22m30s,76.6,玻纖布,1,1,4,
20260119,1815,SignalA,StrongGroup,09:36:12,09:45:38,stopLoss,-192308,-1.92,0h09m26s,104.0,玻纖布,1,1,3,
20260119,3149,SignalA,StrongGroup,09:27:23,10:04:10,takeProfit,150215,1.50,0h36m47s,46.6,TFT 面板,3,1,1,
20260119,8271,SignalA,StrongGroup,09:52:29,10:08:14,stopLoss,-179856,-1.80,0h15m45s,139.0,記憶體,1,2,10,
20260119,2312,SignalA,StrongGroup,10:14:16,11:00:56,stopLoss,-152355,-1.52,0h46m40s,36.1,車用電子,5,1,1,
20260119,8074,SignalA,StrongGroup,10:56:48,12:24:28,stopLoss,-150000,-1.50,1h27m40s,60.0,鑽孔,9,1,1,
20260120,4989,SignalA,StrongGroup,09:22:00,09:28:39,stopLoss,-149254,-1.49,0h06m39s,66.9,PCB上游,2,1,3,
20260120,8086,SignalA,StrongGroup,09:41:26,09:56:28,takeProfit,85837,0.86,0h15m02s,116.0,砷化鎵,1,2,2,
20260120,3016,SignalA,StrongGroup,10:32:54,10:38:04,takeProfit,238854,2.39,0h05m10s,62.8,矽晶圓指標,9,1,1,
20260120,6182,SignalA,StrongGroup,09:41:43,11:04:30,stopLoss,-137157,-1.37,1h22m47s,40.1,矽晶圓指標,9,1,1,
20260120,3016,SignalA,StrongGroup,11:25:38,12:22:44,takeProfit,284360,2.84,0h57m06s,63.3,矽晶圓指標,8,1,1,
20260120,6223,SignalA,StrongGroup,09:58:08,13:20:00,timeExit,115226,1.15,3h21m52s,2430.0,探針卡,1,2,4,
20260120,2303,SignalA,StrongGroup,11:21:08,13:20:00,timeExit,179372,1.79,1h58m52s,66.9,專業IC代工,4,1,1,
20260121,5347,SignalA,StrongGroup,09:22:22,09:41:05,takeProfit,236486,2.36,0h18m43s,148.0,專業IC代工,1,2,2,
20260121,8422,SignalA,StrongGroup,09:28:33,09:42:47,stopLoss,-148402,-1.48,0h14m14s,43.8,回收焚化相關指標,4,1,2,
20260121,5483,SignalA,StrongGroup,09:35:10,10:13:22,stopLoss,48780,0.49,0h38m12s,123.0,矽晶圓指標,1,2,4,
20260121,2467,SignalA,StrongGroup,09:28:56,10:16:59,stopLoss,-134875,-1.35,0h48m03s,259.5,FOPLP,3,2,2,
20260121,5347,SignalA,StrongGroup,10:28:49,11:12:57,stopLoss,-165563,-1.66,0h44m08s,151.0,專業IC代工,1,2,2,
20260121,5371,SignalA,StrongGroup,12:10:55,13:20:00,timeExit,-82051,-0.82,1h09m05s,97.5,軍工,2,2,4,
20260122,1504,SignalA,StrongGroup,09:30:51,09:30:53,takeProfit,11287,0.11,0h00m02s,88.6,家電,2,1,2,
20260122,6173,SignalA,StrongGroup,09:21:21,09:41:43,stopLoss,-140127,-1.40,0h20m22s,78.5,被動元件,2,2,3,
20260122,6488,SignalA,StrongGroup,10:08:13,10:33:49,stopLoss,-151515,-1.52,0h25m36s,528.0,矽晶圓指標,1,2,4,
20260122,1504,SignalA,StrongGroup,10:10:18,10:47:31,stopLoss,-132743,-1.33,0h37m13s,90.4,家電,1,1,1,
20260122,2327,SignalA,StrongGroup,09:34:06,13:20:00,timeExit,-13400,-0.13,3h45m54s,298.5,被動元件,1,2,5,
20260122,2301,SignalA,StrongGroup,09:25:44,13:20:01,timeExit,126074,1.26,3h54m17s,174.5,電供,2,2,3,
20260123,6215,SignalA,StrongGroup,09:29:15,09:32:40,stopLoss,-155642,-1.56,0h03m25s,128.5,機器人,2,2,2,
20260123,8039,SignalA,StrongGroup,09:32:03,09:43:58,takeProfit,128342,1.28,0h11m55s,93.4,CCL,7,1,1,
20260123,8039,SignalA,StrongGroup,10:26:14,13:20:00,timeExit,50740,0.51,2h53m46s,94.6,CCL,3,1,1,
20260126,6125,SignalA,StrongGroup,09:27:02,09:40:35,takeProfit,122117,1.22,0h13m33s,73.7,設備儀器商,9,1,1,
20260126,1301,SignalA,StrongGroup,09:33:22,09:48:09,takeProfit,192102,1.92,0h14m47s,46.8,塑膠,1,2,2,
20260126,3533,SignalA,StrongGroup,09:54:51,10:15:24,stopLoss,-163934,-1.64,0h20m33s,1525.0,連接器,10,1,1,
20260126,2464,SignalA,StrongGroup,11:09:43,11:26:32,stopLoss,-150892,-1.51,0h16m49s,72.9,設備儀器商,7,1,2,
20260127,3413,SignalA,StrongGroup,09:38:20,09:58:06,takeProfit,134907,1.35,0h19m46s,296.5,半導體設備,9,1,2,
20260127,6643,SignalA,StrongGroup,09:33:58,10:03:37,stopLoss,-142276,-1.42,0h29m39s,492.0,設計IP,2,1,1,
20260127,3037,SignalA,StrongGroup,11:53:19,13:20:00,timeExit,0,0.00,1h26m41s,352.5,ABF,1,2,2,
20260127,6643,SignalA,StrongGroup,10:16:12,13:20:02,timeExit,71138,0.71,3h03m50s,492.0,設計IP,2,1,1,
20260128,3081,SignalA,StrongGroup,09:21:27,09:22:04,takeProfit,46838,0.47,0h00m37s,854.0,CPO,2,1,3,
20260128,3131,SignalA,StrongGroup,09:26:55,09:33:04,stopLoss,-128686,-1.29,0h06m09s,1865.0,半導體設備,8,1,1,
20260128,2481,SignalA,StrongGroup,09:26:22,09:33:35,stopLoss,-137421,-1.37,0h07m13s,94.6,二極體,2,1,1,
20260128,6139,SignalA,StrongGroup,09:32:54,09:37:37,takeProfit,86806,0.87,0h04m43s,576.0,廠務,10,1,1,
20260128,1605,SignalA,StrongGroup,09:49:56,10:02:15,takeProfit,142687,1.43,0h12m19s,42.0,不鏽鋼,9,1,1,
20260128,4768,SignalA,StrongGroup,09:36:05,11:50:55,stopLoss,-108827,-1.09,2h14m50s,413.5,特化,8,1,2,
20260129,6706,SignalA,StrongGroup,09:21:22,09:23:37,stopLoss,-202429,-2.02,0h02m15s,123.5,CPO,1,2,6,
20260129,6139,SignalA,StrongGroup,09:21:01,09:24:16,stopLoss,-131796,-1.32,0h03m15s,607.0,廠務,7,1,1,
20260129,2027,SignalA,StrongGroup,09:24:48,09:25:48,takeProfit,50063,0.50,0h01m00s,40.0,不鏽鋼,3,1,1,
20260129,6753,SignalA,StrongGroup,09:31:45,09:32:43,takeProfit,33670,0.34,0h00m58s,148.5,軍工,10,1,1,
20260129,1326,SignalA,StrongGroup,09:28:51,09:33:04,stopLoss,-152838,-1.53,0h04m13s,45.8,塑膠,4,1,1,
20260129,2313,SignalA,StrongGroup,09:22:05,09:43:18,stopLoss,-160428,-1.60,0h21m13s,187.0,低軌衛星,2,1,2,
20260129,2027,SignalA,StrongGroup,10:14:57,10:45:47,stopLoss,-147783,-1.48,0h30m50s,40.6,不鏽鋼,2,1,1,
20260130,6510,SignalA,StrongGroup,09:26:34,09:30:00,takeProfit,121212,1.21,0h03m26s,3295.0,探針卡,1,1,2,
20260130,8096,SignalA,StrongGroup,09:23:48,09:39:38,stopLoss,-159574,-1.60,0h15m50s,75.1,記憶體,1,2,3,
20260130,2408,SignalA,StrongGroup,09:24:55,09:40:27,stopLoss,-141956,-1.42,0h15m32s,317.0,記憶體,1,1,2,
20260130,3037,SignalA,StrongGroup,09:44:39,10:11:07,takeProfit,127660,1.28,0h26m28s,352.5,ABF,2,2,2,
20260130,3189,SignalA,StrongGroup,09:29:52,10:22:14,stopLoss,-145833,-1.46,0h52m22s,240.0,ABF,3,1,1,
20260130,6510,SignalA,StrongGroup,09:59:00,11:20:37,stopLoss,-192878,-1.93,1h21m37s,3360.0,探針卡,1,1,2,
20260202,6443,SignalA,StrongGroup,09:48:40,10:10:10,stopLoss,-154946,-1.55,0h21m30s,41.9,低軌衛星,1,1,1,
20260202,6510,SignalA,StrongGroup,10:32:00,10:33:24,takeProfit,59172,0.59,0h01m24s,3380.0,探針卡,1,1,2,
20260202,6409,SignalA,StrongGroup,09:21:56,10:36:56,takeProfit,68571,0.69,1h15m00s,874.0,太陽能,3,2,2,
20260202,3533,SignalA,StrongGroup,10:02:21,11:40:21,stopLoss,-168350,-1.68,1h38m00s,1485.0,連接器,5,2,2,
20260202,6510,SignalA,StrongGroup,11:02:00,13:20:00,timeExit,43988,0.44,2h18m00s,3410.0,探針卡,1,1,2,
20260202,3324,SignalA,StrongGroup,11:20:54,13:20:06,timeExit,-53022,-0.53,1h59m12s,943.0,散熱,3,1,1,
20260202,3653,SignalA,StrongGroup,12:22:12,13:20:38,timeExit,85324,0.85,0h58m26s,2930.0,散熱,3,2,2,
20260203,6271,SignalA,StrongGroup,09:22:34,09:30:53,takeProfit,104530,1.05,0h08m19s,143.5,IC封測,13,1,1,
20260203,6182,SignalA,StrongGroup,09:28:51,09:44:42,stopLoss,-161074,-1.61,0h15m51s,37.2,矽晶圓指標,4,1,2,
20260203,1303,SignalA,StrongGroup,09:35:54,09:58:54,takeProfit,67385,0.67,0h23m00s,74.2,玻纖布,4,1,5,
20260203,6443,SignalA,StrongGroup,09:20:59,10:00:00,stopLoss,-11587,-0.12,0h39m01s,43.1,低軌衛星,1,2,3,
20260203,6215,SignalA,StrongGroup,09:45:45,10:05:44,stopLoss,-174672,-1.75,0h19m59s,114.5,設備儀器商,7,1,4,
20260203,6271,SignalA,StrongGroup,09:52:16,10:13:26,stopLoss,-172414,-1.72,0h21m10s,145.0,IC封測,13,1,1,
20260203,1815,SignalA,StrongGroup,10:19:32,10:35:01,stopLoss,-138889,-1.39,0h15m29s,93.6,玻纖布,2,2,3,
20260203,2467,SignalA,StrongGroup,10:51:27,11:18:07,takeProfit,95420,0.95,0h26m40s,262.0,FOPLP,7,1,1,
20260203,3017,SignalA,StrongGroup,10:32:41,11:47:39,takeProfit,125392,1.25,1h14m58s,1595.0,散熱,1,1,1,
20260203,6510,SignalA,StrongGroup,10:45:58,13:22:06,timeExit,145357,1.45,2h36m08s,3710.0,探針卡,1,2,2,
20260204,6282,SignalA,StrongGroup,09:21:03,09:22:48,takeProfit,40609,0.41,0h01m45s,49.2,電供,5,1,2,
20260204,6116,SignalA,StrongGroup,09:24:01,09:36:44,stopLoss,-144928,-1.45,0h12m43s,9.0,TFT 面板,1,2,3,
20260204,3189,SignalA,StrongGroup,09:25:42,09:36:49,takeProfit,172414,1.72,0h11m07s,261.0,ABF,6,1,1,
20260204,2049,SignalA,StrongGroup,09:26:23,09:39:43,takeProfit,124224,1.24,0h13m20s,241.5,工具機,3,1,2,
20260204,3019,SignalA,StrongGroup,09:41:28,09:45:52,stopLoss,-152439,-1.52,0h04m24s,164.0,機器人,5,2,3,
20260204,6282,SignalA,StrongGroup,09:43:42,09:53:01,takeProfit,86694,0.87,0h09m19s,49.6,電供,5,1,2,
20260204,6271,SignalA,StrongGroup,09:20:16,10:01:32,takeProfit,196721,1.97,0h41m16s,152.5,IC封測,14,1,1,
20260204,3715,SignalA,StrongGroup,09:37:31,10:10:55,takeProfit,199336,1.99,0h33m24s,150.5,印刷電路板,6,1,6,
20260204,4526,SignalA,StrongGroup,10:37:43,10:38:20,takeProfit,120846,1.21,0h00m37s,33.1,工具機,3,2,3,
20260204,6869,SignalA,StrongGroup,09:46:39,11:14:59,stopLoss,-181818,-1.82,1h28m20s,110.0,太陽能,1,2,4,
20260204,6282,SignalA,StrongGroup,11:03:48,11:21:44,takeProfit,100200,1.00,0h17m56s,49.9,電供,5,1,2,
20260204,6584,SignalA,StrongGroup,09:57:18,13:24:32,timeExit,247734,2.48,3h27m14s,330.5,滑軌,3,1,1,
20260205,5309,SignalA,StrongGroup,09:23:50,09:24:07,takeProfit,132939,1.33,0h00m17s,67.7,車用電子,16,1,2,
20260205,8074,SignalA,StrongGroup,09:24:08,09:33:41,stopLoss,-148368,-1.48,0h09m33s,67.4,PCB上游,1,2,4,
20260205,2374,SignalA,StrongGroup,09:32:36,09:56:52,stopLoss,-141844,-1.42,0h24m16s,84.6,光電,2,1,2,
20260205,1301,SignalA,StrongGroup,09:28:01,10:04:59,stopLoss,-136126,-1.36,0h36m58s,47.8,塑膠,14,1,1,
20260205,8261,SignalA,StrongGroup,10:19:03,10:19:23,takeProfit,96670,0.97,0h00m20s,93.0,二極體,2,1,1,
20260205,5309,SignalA,StrongGroup,10:24:38,10:30:34,stopLoss,-142450,-1.42,0h05m56s,70.2,車用電子,3,1,1,
20260205,8210,SignalA,StrongGroup,09:49:56,13:20:45,timeExit,227488,2.27,3h30m49s,1055.0,機殼,1,1,1,
20260206,6584,SignalA,StrongGroup,10:01:16,10:06:38,stopLoss,-139276,-1.39,0h05m22s,359.0,滑軌,1,1,1,
20260209,5347,SignalA,StrongGroup,09:24:41,09:26:00,stopLoss,-157480,-1.57,0h01m19s,127.0,專業IC代工,7,1,1,
20260210,3532,SignalA,StrongGroup,09:20:19,09:26:18,stopLoss,-136054,-1.36,0h05m59s,147.0,矽晶圓指標,1,1,1,
20260210,5234,SignalA,StrongGroup,09:36:31,10:05:45,stopLoss,-144928,-1.45,0h29m14s,379.5,電子化工材料,7,1,1,
20260210,3037,SignalA,StrongGroup,11:18:19,12:38:21,stopLoss,-134048,-1.34,1h20m02s,373.0,ABF,1,1,1,
20260210,2301,SignalA,StrongGroup,11:08:56,12:41:09,stopLoss,-128134,-1.28,1h32m13s,179.5,電供,10,1,2,
20260211,4722,SignalA,StrongGroup,09:23:13,09:25:03,stopLoss,-144092,-1.44,0h01m50s,173.5,電子化工材料,5,2,2,
20260211,5340,SignalA,StrongGroup,09:28:36,09:38:04,stopLoss,-135323,-1.35,0h09m28s,100.5,玻纖布,1,2,3,
20260211,6213,SignalA,StrongGroup,09:48:41,09:56:08,takeProfit,40650,0.41,0h07m27s,123.0,印刷電路板,3,1,9,
20260211,6753,SignalA,StrongGroup,10:02:25,10:26:25,stopLoss,-170068,-1.70,0h24m00s,147.0,軍工,5,2,2,
20260211,1326,SignalA,StrongGroup,09:41:02,13:20:00,timeExit,9401,0.09,3h38m58s,42.5,塑膠,2,2,2,
20260211,6290,SignalA,StrongGroup,10:41:53,13:20:09,timeExit,-100796,-1.01,2h38m16s,188.5,連接線材,1,1,1,
20260223,2645,SignalA,StrongGroup,09:28:57,09:33:40,stopLoss,-142045,-1.42,0h04m43s,176.0,軍工,3,2,3,
20260223,2313,SignalA,StrongGroup,10:05:16,10:40:23,takeProfit,124069,1.24,0h35m07s,201.5,低軌衛星,7,1,1,
20260223,8043,SignalA,StrongGroup,09:27:17,11:07:02,takeProfit,53619,0.54,1h39m45s,74.6,被動元件,1,1,4,
20260223,6176,SignalA,StrongGroup,09:30:25,12:46:13,stopLoss,-184502,-1.85,3h15m48s,135.5,光電,15,1,1,
20260223,2609,SignalA,StrongGroup,09:31:17,13:20:00,timeExit,46847,0.47,3h48m43s,55.5,海運,1,1,2,
20260223,8074,SignalA,StrongGroup,09:38:05,13:20:21,timeExit,-45662,-0.46,3h42m16s,65.7,鑽孔,1,2,2,
20260224,2455,SignalA,StrongGroup,09:28:16,09:34:12,takeProfit,103896,1.04,0h05m56s,192.5,砷化鎵,1,2,3,
20260224,1717,SignalA,StrongGroup,09:23:34,09:35:53,stopLoss,-129450,-1.29,0h12m19s,61.8,特化,6,1,2,
20260224,8358,SignalA,StrongGroup,09:22:59,09:42:31,takeProfit,103986,1.04,0h19m32s,288.5,PCB上游,1,1,3,
20260224,2406,SignalA,StrongGroup,09:39:35,09:47:13,stopLoss,-144695,-1.45,0h07m38s,31.1,太陽能,2,1,3,
20260224,8074,SignalA,StrongGroup,09:38:14,09:50:56,takeProfit,58224,0.58,0h12m42s,68.6,PCB上游,1,2,6,
20260224,6443,SignalA,StrongGroup,09:28:02,10:24:25,stopLoss,-155689,-1.56,0h56m23s,41.7,太陽能,1,2,4,
20260224,2472,SignalA,StrongGroup,10:07:58,10:30:31,stopLoss,-165289,-1.65,0h22m33s,121.0,被動元件,5,1,4,
20260224,1303,SignalA,StrongGroup,09:41:43,11:02:04,takeProfit,102506,1.03,1h20m21s,87.8,玻纖布,1,1,4,
20260224,3443,SignalA,StrongGroup,10:47:58,11:12:05,stopLoss,-141700,-1.42,0h24m07s,2470.0,設計IP,12,1,3,
20260224,2455,SignalA,StrongGroup,10:38:38,12:55:59,takeProfit,230769,2.31,2h17m21s,195.0,砷化鎵,1,2,3,
20260224,5234,SignalA,StrongGroup,11:37:21,13:20:00,timeExit,207852,2.08,1h42m39s,433.0,特化,12,1,1,
20260224,2308,SignalA,StrongGroup,10:59:35,13:20:00,timeExit,51095,0.51,2h20m25s,1370.0,電供,12,1,1,
20260224,6213,SignalA,StrongGroup,11:26:09,13:20:00,timeExit,215385,2.15,1h53m51s,130.0,PCB上游,2,2,4,
20260225,6640,SignalA,StrongGroup,09:21:08,09:23:28,takeProfit,128700,1.29,0h02m20s,776.0,半導體設備,9,1,2,
20260225,1326,SignalA,StrongGroup,09:27:59,09:32:37,takeProfit,159067,1.59,0h04m38s,47.1,塑膠,2,1,1,
20260225,4768,SignalA,StrongGroup,09:34:47,09:35:31,stopLoss,-138090,-1.38,0h00m44s,434.5,特化,2,2,2,
20260225,6510,SignalA,StrongGroup,09:30:32,09:42:43,takeProfit,38961,0.39,0h12m11s,3840.0,探針卡,15,1,1,
20260225,4722,SignalA,StrongGroup,09:27:38,09:59:53,takeProfit,198511,1.99,0h32m15s,201.0,特化,2,1,1,
20260225,8210,SignalA,StrongGroup,09:45:56,10:46:52,takeProfit,11173,0.11,1h00m56s,895.0,機殼,3,2,2,
20260225,2317,SignalA,StrongGroup,09:47:06,10:57:25,takeProfit,61983,0.62,1h10m19s,242.0,ODM,3,2,2,
20260225,6640,SignalA,StrongGroup,10:35:47,11:07:12,stopLoss,-200000,-2.00,0h31m25s,799.0,半導體設備,9,1,2,
20260226,8086,SignalA,StrongGroup,09:22:13,09:24:43,stopLoss,-158730,-1.59,0h02m30s,126.0,砷化鎵,1,2,3,
20260226,8086,SignalA,StrongGroup,09:26:29,09:27:55,stopLoss,-158730,-1.59,0h01m26s,126.0,砷化鎵,1,2,3,
20260226,2436,SignalA,StrongGroup,09:24:54,09:30:08,takeProfit,79872,0.80,0h05m14s,62.6,車用電子,10,1,1,
20260226,3131,SignalA,StrongGroup,09:26:25,09:31:54,takeProfit,116279,1.16,0h05m29s,1720.0,半導體設備,4,2,3,
20260226,6788,SignalA,StrongGroup,09:42:24,09:47:44,takeProfit,175182,1.75,0h05m20s,342.5,半導體設備,3,2,5,
20260226,6223,SignalA,StrongGroup,09:43:59,10:05:46,takeProfit,108499,1.08,0h21m47s,2760.0,探針卡,6,1,1,
20260226,2329,SignalA,StrongGroup,09:22:19,13:20:02,timeExit,163823,1.64,3h57m43s,58.6,IC封測,11,1,1,
20260226,6788,SignalA,StrongGroup,12:07:56,13:20:13,timeExit,85470,0.85,1h12m17s,351.0,半導體設備,2,2,5,
20260302,4989,SignalA,StrongGroup,09:23:59,09:43:54,takeProfit,281065,2.81,0h19m55s,67.5,CCL,18,1,1,
20260302,3037,SignalA,StrongGroup,09:50:32,10:14:09,stopLoss,-141557,-1.42,0h23m37s,494.5,ABF,5,1,1,
20260302,3701,SignalA,StrongGroup,11:18:34,11:45:21,takeProfit,295082,2.95,0h26m47s,60.9,CPO,2,1,6,
20260303,6706,SignalA,StrongGroup,09:20:03,09:27:01,stopLoss,-141844,-1.42,0h06m58s,141.0,CPO,2,2,6,
20260303,6271,SignalA,StrongGroup,09:20:59,09:29:50,stopLoss,22727,0.23,0h08m51s,176.0,IC封測,12,1,2,
20260303,2615,SignalA,StrongGroup,09:31:27,10:05:47,stopLoss,-83333,-0.83,0h34m20s,84.0,海運,2,2,3,
20260303,2615,SignalA,StrongGroup,10:14:00,11:36:45,takeProfit,106888,1.07,1h22m45s,84.2,海運,1,2,3,
20260303,2609,SignalA,StrongGroup,10:11:32,11:38:33,takeProfit,93458,0.93,1h27m01s,64.2,海運,1,1,2,
